"Segment","Symbol","Net Qty","Prev. Close (₹)","Realized Profit/Loss  (₹)","Unrealized Profit/Loss  (₹)","Profit/Loss (₹)","Buy Qty","Buy Rate (₹)","Sell Qty","Sell Rate (₹)","Open Qty","Open Rate (₹)"
"NSE_FNO","NSE:BANKNIFTY2290135800PE","0","0","-260","0","-260","25","13.3","25","2.9","0","0"
"NSE_FNO","NSE:BANKNIFTY2290136500PE","0","0","-755","0","-755","100","10.8","100","3.25","0","0"
"NSE_FNO","NSE:BANKNIFTY2290137500PE","0","0","3288.75","0","3288.75","25","19.95","25","151.5","0","0"
"NSE_FNO","NSE:BANKNIFTY2290137700PE","0","0","345","0","345","50","36","50","42.9","0","0"
"NSE_FNO","NSE:BANKNIFTY2290138300PE","0","0","-8557.5","0","-8557.5","25","369.6","25","27.3","0","0"
"NSE_FNO","NSE:BANKNIFTY2290139100CE","0","0","-523.75","0","-523.75","25","395.9","25","374.95","0","0"
"NSE_FNO","NSE:BANKNIFTY2290139100PE","0","0","203.75","0","203.75","25","365.55","25","373.7","0","0"
"NSE_FNO","NSE:BANKNIFTY2290139200CE","0","0","-181.25","0","-181.25","25","68.8","25","61.55","0","0"
"NSE_FNO","NSE:BANKNIFTY2290139200PE","0","0","16535","0","16535","25","298.75","25","960.15","0","0"
"NSE_FNO","NSE:BANKNIFTY2290139300PE","0","0","7728.75","0","7728.75","25","359.55","25","668.7","0","0"
"NSE_FNO","NSE:BANKNIFTY2290139400CE","0","0","-3863.75","0","-3863.75","50","152.175","50","74.9","0","0"
"NSE_FNO","NSE:BANKNIFTY2290139500CE","0","0","-4575","0","-4575","25","221.05","25","38.05","0","0"
"NSE_FNO","NSE:BANKNIFTY2290139500PE","0","0","22245","0","22245","25","377.6","25","1267.4","0","0"
"NSE_FNO","NSE:BANKNIFTY2290140000CE","0","0","2901.25","0","2901.25","75","36.5","75","75.1833","0","0"
"NSE_FNO","NSE:BANKNIFTY2290140000PE","0","0","-6028.75","0","-6028.75","25","983.05","25","741.9","0","0"
"NSE_FNO","NSE:BANKNIFTY2290140200CE","0","0","2022.5","0","2022.5","50","39.7","50","80.15","0","0"
"NSE_FNO","NSE:BANKNIFTY2290140300CE","0","0","582.5","0","582.5","50","42.15","50","53.8","0","0"
"NSE_FNO","NSE:BANKNIFTY2290140400CE","0","0","-227.5","0","-227.5","50","48.15","50","43.6","0","0"
"NSE_FNO","NSE:BANKNIFTY2290140500CE","0","0","1751.25","0","1751.25","50","16.5","50","51.525","0","0"
"NSE_FNO","NSE:BANKNIFTY2290140500PE","0","0","-38308.75","0","-38308.75","50","1945.55","50","1179.375","0","0"
"NSE_FNO","NSE:BANKNIFTY2290141000CE","0","0","-361.25","0","-361.25","50","15.05","50","7.825","0","0"
"NSE_FNO","NSE:BANKNIFTY2290142000CE","0","0","-595","0","-595","100","8.2","100","2.25","0","0"
"NSE_FNO","NSE:BANKNIFTY2290836500PE","0","0","-65","0","-65","100","4","100","3.35","0","0"
"NSE_FNO","NSE:BANKNIFTY2290838400PE","0","0","147.5","0","147.5","50","25.45","50","28.4","0","0"
"NSE_FNO","NSE:BANKNIFTY2290838500PE","0","0","6492.5","0","6492.5","50","34.4","50","164.25","0","0"
"NSE_FNO","NSE:BANKNIFTY2290839600PE","0","0","-4875","0","-4875","25","470.9","25","275.9","0","0"
"NSE_FNO","NSE:BANKNIFTY2290840400CE","0","0","3978.75","0","3978.75","100","23.725","100","63.5125","0","0"
"NSE_FNO","NSE:BANKNIFTY2290840600CE","0","0","-547.5","0","-547.5","200","61.8","200","59.0625","0","0"
"NSE_FNO","NSE:BANKNIFTY2290840700CE","0","0","270","0","270","50","60","50","65.4","0","0"
"NSE_FNO","NSE:BANKNIFTY2290840800CE","0","0","-495","0","-495","50","57.95","50","48.05","0","0"
"NSE_FNO","NSE:BANKNIFTY2290841000CE","0","0","1740","0","1740","25","15.15","25","84.75","0","0"
"NSE_FNO","NSE:BANKNIFTY2290841000PE","0","0","1532.5","0","1532.5","25","1353.85","25","1415.15","0","0"
"NSE_FNO","NSE:BANKNIFTY2290841500CE","0","0","955","0","955","100","29.15","100","38.7","0","0"
"NSE_FNO","NSE:BANKNIFTY2290842000CE","0","0","-72.5","0","-72.5","50","6.6","50","5.15","0","0"
"NSE_FNO","NSE:BANKNIFTY2290842500CE","0","0","110","0","110","100","3.5","100","4.6","0","0"
"NSE_FNO","NSE:BANKNIFTY2291537500PE","0","0","-340","0","-340","100","7.375","100","3.975","0","0"
"NSE_FNO","NSE:BANKNIFTY2291539400PE","0","0","3972.5","0","3972.5","50","23.825","50","103.275","0","0"
"NSE_FNO","NSE:BANKNIFTY2291539500PE","0","0","-10908.75","0","-10908.75","25","499.65","25","63.3","0","0"
"NSE_FNO","NSE:BANKNIFTY2291540000PE","0","0","-8383.75","0","-8383.75","25","476.05","25","140.7","0","0"
"NSE_FNO","NSE:BANKNIFTY2291540100PE","0","0","1975","0","1975","50","45.7","50","85.2","0","0"
"NSE_FNO","NSE:BANKNIFTY2291540500CE","0","0","-1836.25","0","-1836.25","25","240","25","166.55","0","0"
"NSE_FNO","NSE:BANKNIFTY2291540500PE","0","0","31655","0","31655","100","187.35","100","503.9","0","0"
"NSE_FNO","NSE:BANKNIFTY2291540800PE","0","0","3817.5","0","3817.5","50","18.6","50","94.95","0","0"
"NSE_FNO","NSE:BANKNIFTY2291541000CE","0","0","-6480","0","-6480","50","242.475","50","112.875","0","0"
"NSE_FNO","NSE:BANKNIFTY2291541300CE","0","0","-2623.75","0","-2623.75","50","145.2","50","92.725","0","0"
"NSE_FNO","NSE:BANKNIFTY2291541500CE","0","0","-3865","0","-3865","100","127.825","100","89.175","0","0"
"NSE_FNO","NSE:BANKNIFTY2291541800CE","0","0","-4060","0","-4060","50","179.45","50","98.25","0","0"
"NSE_FNO","NSE:BANKNIFTY2291543000CE","0","0","-123.75","0","-123.75","125","5.41","125","4.42","0","0"
"NSE_FNO","NSE:BANKNIFTY2292238000PE","0","0","-692.5","0","-692.5","75","11.7333","75","2.5","0","0"
"NSE_FNO","NSE:BANKNIFTY2292238700PE","0","0","-335","0","-335","50","9.75","50","3.05","0","0"
"NSE_FNO","NSE:BANKNIFTY2292239000PE","0","0","-1665","0","-1665","75","92.25","75","70.05","0","0"
"NSE_FNO","NSE:BANKNIFTY2292239200PE","0","0","885","0","885","75","35.05","75","46.85","0","0"
"NSE_FNO","NSE:BANKNIFTY2292239300PE","0","0","2891.25","0","2891.25","50","43.35","50","101.175","0","0"
"NSE_FNO","NSE:BANKNIFTY2292240000PE","0","0","3697.5","0","3697.5","50","43.75","50","117.7","0","0"
"NSE_FNO","NSE:BANKNIFTY2292240200PE","0","0","762.5","0","762.5","50","45.3","50","60.55","0","0"
"NSE_FNO","NSE:BANKNIFTY2292240300PE","0","0","4253.75","0","4253.75","75","5.3","75","62.0167","0","0"
"NSE_FNO","NSE:BANKNIFTY2292240400PE","0","0","117.5","0","117.5","100","124.25","100","125.425","0","0"
"NSE_FNO","NSE:BANKNIFTY2292240800PE","0","0","720","0","720","100","133.8625","100","141.0625","0","0"
"NSE_FNO","NSE:BANKNIFTY2292240900CE","0","0","-5011.25","0","-5011.25","225","87.0222","225","64.75","0","0"
"NSE_FNO","NSE:BANKNIFTY2292241200CE","0","0","1860","0","1860","75","13.75","75","38.55","0","0"
"NSE_FNO","NSE:BANKNIFTY2292241500PE","0","0","10162.5","0","10162.5","25","663.9","25","1070.4","0","0"
"NSE_FNO","NSE:BANKNIFTY2292241600CE","0","0","-2856.25","0","-2856.25","50","182.975","50","125.85","0","0"
"NSE_FNO","NSE:BANKNIFTY2292241800CE","0","0","-3106.25","0","-3106.25","50","171.525","50","109.4","0","0"
"NSE_FNO","NSE:BANKNIFTY2292241900CE","0","0","-4093.75","0","-4093.75","50","156.05","50","74.175","0","0"
"NSE_FNO","NSE:BANKNIFTY2292242000CE","0","0","4086.25","0","4086.25","75","7","75","61.4833","0","0"
"NSE_FNO","NSE:BANKNIFTY2292242100CE","0","0","2987.5","0","2987.5","50","37.55","50","97.3","0","0"
"NSE_FNO","NSE:BANKNIFTY2292242300CE","0","0","-27.5","0","-27.5","25","57.4","25","56.3","0","0"
"NSE_FNO","NSE:BANKNIFTY2292244000CE","0","0","-197.5","0","-197.5","100","5.075","100","3.1","0","0"
"NSE_FNO","NSE:BANKNIFTY22D0142500PE","0","0","430","0","430","100","24.05","100","28.35","0","0"
"NSE_FNO","NSE:BANKNIFTY22D0143100CE","0","0","-243.75","0","-243.75","25","233.45","25","223.7","0","0"
"NSE_FNO","NSE:BANKNIFTY22D0143200PE","0","0","-803.75","0","-803.75","50","176.9","50","160.825","0","0"
"NSE_FNO","NSE:BANKNIFTY22D0842000PE","0","0","767.5","0","767.5","50","56.7","50","72.05","0","0"
"NSE_FNO","NSE:BANKNIFTY22D0843200PE","0","0","-1200","0","-1200","25","383.6","25","335.6","0","0"
"NSE_FNO","NSE:BANKNIFTY22D1543400CE","0","0","708.75","0","708.75","25","329.35","25","357.7","0","0"
"NSE_FNO","NSE:BANKNIFTY22D1544000CE","0","0","890","0","890","50","90.55","50","108.35","0","0"
"NSE_FNO","NSE:BANKNIFTY22D1544400CE","0","0","112.5","0","112.5","25","30.2","25","34.7","0","0"
"NSE_FNO","NSE:BANKNIFTY22D2242000PE","0","0","1012.5","0","1012.5","50","19.4","50","39.65","0","0"
"NSE_FNO","NSE:BANKNIFTY22D2242800PE","0","0","-3830","0","-3830","50","126.95","50","50.35","0","0"
"NSE_FNO","NSE:BANKNIFTY22D2243000PE","0","0","126.25","0","126.25","50","67.425","50","69.95","0","0"
"NSE_FNO","NSE:BANKNIFTY22D2243300CE","0","0","-2338.75","0","-2338.75","25","307.8","25","214.25","0","0"
"NSE_FNO","NSE:BANKNIFTY22D2244000CE","0","0","1982.5","0","1982.5","50","9.55","50","49.2","0","0"
"NSE_FNO","NSE:BANKNIFTY22D2244000PE","0","0","13056.25","0","13056.25","50","305.475","50","566.6","0","0"
"NSE_FNO","NSE:BANKNIFTY22D2244100CE","0","0","923.75","0","923.75","50","36.1","50","54.575","0","0"
"NSE_FNO","NSE:BANKNIFTY22DEC41300PE","0","0","868.75","0","868.75","50","49.65","50","67.025","0","0"
"NSE_FNO","NSE:BANKNIFTY22DEC41800PE","0","0","-1062.5","0","-1062.5","50","64.9","50","43.65","0","0"
"NSE_FNO","NSE:BANKNIFTY22DEC42300PE","0","0","-21428.75","0","-21428.75","100","282.25","100","67.9625","0","0"
"NSE_FNO","NSE:BANKNIFTY22DEC42800PE","0","0","3197.5","0","3197.5","25","253.9","25","381.8","0","0"
"NSE_FNO","NSE:BANKNIFTY22DEC43000CE","0","0","-4178.75","0","-4178.75","25","1157","25","989.85","0","0"
"NSE_FNO","NSE:BANKNIFTY22DEC43000PE","0","0","2170","0","2170","25","175.95","25","262.75","0","0"
"NSE_FNO","NSE:BANKNIFTY22DEC43300PE","0","0","-2300","0","-2300","25","364.4","25","272.4","0","0"
"NSE_FNO","NSE:BANKNIFTY22DEC43500PE","0","0","29836.25","0","29836.25","25","276.3","25","1469.75","0","0"
"NSE_FNO","NSE:BANKNIFTY22DEC44500CE","0","0","-912.5","0","-912.5","25","250.6","25","214.1","0","0"
"NSE_FNO","NSE:BANKNIFTY22DEC44500PE","0","0","1722.5","0","1722.5","25","761.85","25","830.75","0","0"
"NSE_FNO","NSE:BANKNIFTY22DEC44600CE","0","0","-913.75","0","-913.75","50","54.35","50","36.075","0","0"
"NSE_FNO","NSE:BANKNIFTY22N0340000PE","0","0","3030","0","3030","50","35.65","50","96.25","0","0"
"NSE_FNO","NSE:BANKNIFTY22N0341000CE","0","0","2411.25","0","2411.25","50","576.75","50","624.975","0","0"
"NSE_FNO","NSE:BANKNIFTY22N0341400CE","0","0","-967.5","0","-967.5","25","256.55","25","217.85","0","0"
"NSE_FNO","NSE:BANKNIFTY22N0341500CE","0","0","-3427.5","0","-3427.5","50","284.25","50","215.7","0","0"
"NSE_FNO","NSE:BANKNIFTY22N0341600CE","0","0","-2826.25","0","-2826.25","50","308.7","50","252.175","0","0"
"NSE_FNO","NSE:BANKNIFTY22N0342000CE","0","0","605","0","605","50","40.1","50","52.2","0","0"
"NSE_FNO","NSE:BANKNIFTY22N0342400CE","0","0","2720","0","2720","200","27.475","200","41.075","0","0"
"NSE_FNO","NSE:BANKNIFTY22N0342500CE","0","0","1725","0","1725","100","15.5","100","32.75","0","0"
"NSE_FNO","NSE:BANKNIFTY22N0343500CE","0","0","-280","0","-280","200","6.1","200","4.7","0","0"
"NSE_FNO","NSE:BANKNIFTY22N1038500PE","0","0","-45","0","-45","100","5.45","100","5","0","0"
"NSE_FNO","NSE:BANKNIFTY22N1039800PE","0","0","-220","0","-220","50","34.9","50","30.5","0","0"
"NSE_FNO","NSE:BANKNIFTY22N1040000PE","0","0","165","0","165","50","106.9","50","110.2","0","0"
"NSE_FNO","NSE:BANKNIFTY22N1040100PE","0","0","1120","0","1120","50","46.1","50","68.5","0","0"
"NSE_FNO","NSE:BANKNIFTY22N1041000PE","0","0","-101.25","0","-101.25","25","308.85","25","304.8","0","0"
"NSE_FNO","NSE:BANKNIFTY22N1041200PE","0","0","-1147.5","0","-1147.5","25","370.2","25","324.3","0","0"
"NSE_FNO","NSE:BANKNIFTY22N1041300PE","0","0","-547.5","0","-547.5","25","469.25","25","447.35","0","0"
"NSE_FNO","NSE:BANKNIFTY22N1041500CE","0","0","-11462.5","0","-11462.5","75","374.05","75","221.2167","0","0"
"NSE_FNO","NSE:BANKNIFTY22N1042000PE","0","0","245","0","245","25","806.25","25","816.05","0","0"
"NSE_FNO","NSE:BANKNIFTY22N1042100CE","0","0","2820","0","2820","50","7.15","50","63.55","0","0"
"NSE_FNO","NSE:BANKNIFTY22N1042500CE","0","0","6037.5","0","6037.5","125","46.7","125","95","0","0"
"NSE_FNO","NSE:BANKNIFTY22N1739000PE","0","0","-475","0","-475","100","9.05","100","4.3","0","0"
"NSE_FNO","NSE:BANKNIFTY22N1740500PE","0","0","3105","0","3105","75","20.3","75","61.7","0","0"
"NSE_FNO","NSE:BANKNIFTY22N1741400PE","0","0","2722.5","0","2722.5","75","61.8","75","98.1","0","0"
"NSE_FNO","NSE:BANKNIFTY22N1742000CE","0","0","-4255","0","-4255","175","315.3714","175","291.0571","0","0"
"NSE_FNO","NSE:BANKNIFTY22N1742500CE","0","0","-742.5","0","-742.5","25","138.6","25","108.9","0","0"
"NSE_FNO","NSE:BANKNIFTY22N1742600CE","0","0","-9152.5","0","-9152.5","75","191.1833","75","69.15","0","0"
"NSE_FNO","NSE:BANKNIFTY22N1742800CE","0","0","225","0","225","50","45.05","50","49.55","0","0"
"NSE_FNO","NSE:BANKNIFTY22N1742900CE","0","0","2647.5","0","2647.5","50","31.4","50","84.35","0","0"
"NSE_FNO","NSE:BANKNIFTY22N1743500CE","0","0","1550","0","1550","100","10.6","100","26.1","0","0"
"NSE_FNO","NSE:BANKNIFTY22N1745000CE","0","0","-55","0","-55","100","4.2","100","3.65","0","0"
"NSE_FNO","NSE:BANKNIFTY22NOV40000PE","0","0","4575","0","4575","50","45.25","50","136.75","0","0"
"NSE_FNO","NSE:BANKNIFTY22NOV41000PE","0","0","583.75","0","583.75","100","53.7625","100","59.6","0","0"
"NSE_FNO","NSE:BANKNIFTY22NOV41500CE","0","0","-2062.5","0","-2062.5","25","789.05","25","706.55","0","0"
"NSE_FNO","NSE:BANKNIFTY22NOV41500PE","0","0","-8003.75","0","-8003.75","25","576.6","25","256.45","0","0"
"NSE_FNO","NSE:BANKNIFTY22NOV42000PE","0","0","-3313.75","0","-3313.75","25","144.95","25","12.4","0","0"
"NSE_FNO","NSE:BANKNIFTY22NOV42300CE","0","0","-628.75","0","-628.75","25","236.2","25","211.05","0","0"
"NSE_FNO","NSE:BANKNIFTY22NOV42300PE","0","0","-425","0","-425","25","350","25","333","0","0"
"NSE_FNO","NSE:BANKNIFTY22NOV42400CE","0","0","-2666.25","0","-2666.25","50","233.475","50","180.15","0","0"
"NSE_FNO","NSE:BANKNIFTY22NOV42500PE","0","0","5575","0","5575","50","220.625","50","332.125","0","0"
"NSE_FNO","NSE:BANKNIFTY22NOV42900CE","0","0","300","0","300","50","40.3","50","46.3","0","0"
"NSE_FNO","NSE:BANKNIFTY22NOV43100CE","0","0","-82.5","0","-82.5","50","32.1","50","30.45","0","0"
"NSE_FNO","NSE:BANKNIFTY22NOV43200CE","0","0","4090","0","4090","75","16.7167","75","71.25","0","0"
"NSE_FNO","NSE:BANKNIFTY22NOV43500CE","0","0","1942.5","0","1942.5","50","69.8","50","108.65","0","0"
"NSE_FNO","NSE:BANKNIFTY22NOV45000CE","0","0","-350","0","-350","125","4.4","125","1.6","0","0"
"NSE_FNO","NSE:BANKNIFTY22O0633000PE","0","0","-332.5","0","-332.5","50","7.5","50","0.85","0","0"
"NSE_FNO","NSE:BANKNIFTY22O0636000PE","0","0","1115","0","1115","50","96.15","50","118.45","0","0"
"NSE_FNO","NSE:BANKNIFTY22O0636500PE","0","0","4968.75","0","4968.75","75","85.2","75","151.45","0","0"
"NSE_FNO","NSE:BANKNIFTY22O0637000PE","0","0","-3446.25","0","-3446.25","75","248.95","75","203","0","0"
"NSE_FNO","NSE:BANKNIFTY22O0637300PE","0","0","3568.75","0","3568.75","75","140.0167","75","187.6","0","0"
"NSE_FNO","NSE:BANKNIFTY22O0637500PE","0","0","-2297.5","0","-2297.5","25","493.5","25","401.6","0","0"
"NSE_FNO","NSE:BANKNIFTY22O0638000PE","0","0","-1135","0","-1135","50","268.55","50","245.85","0","0"
"NSE_FNO","NSE:BANKNIFTY22O0638300CE","0","0","-2540","0","-2540","25","422.9","25","321.3","0","0"
"NSE_FNO","NSE:BANKNIFTY22O0638400CE","0","0","-202.5","0","-202.5","25","483.4","25","475.3","0","0"
"NSE_FNO","NSE:BANKNIFTY22O0638400PE","0","0","-127.5","0","-127.5","25","559.75","25","554.65","0","0"
"NSE_FNO","NSE:BANKNIFTY22O0639000CE","0","0","3036.25","0","3036.25","200","231.175","200","246.3562","0","0"
"NSE_FNO","NSE:BANKNIFTY22O0639100CE","0","0","-536.25","0","-536.25","25","280.1","25","258.65","0","0"
"NSE_FNO","NSE:BANKNIFTY22O0639300CE","0","0","1350","0","1350","50","54.6","50","81.6","0","0"
"NSE_FNO","NSE:BANKNIFTY22O0639400CE","0","0","-272.5","0","-272.5","25","134.5","25","123.6","0","0"
"NSE_FNO","NSE:BANKNIFTY22O0639800CE","0","0","1937.5","0","1937.5","50","11.95","50","50.7","0","0"
"NSE_FNO","NSE:BANKNIFTY22O0639900CE","0","0","1115","0","1115","50","6.5","50","28.8","0","0"
"NSE_FNO","NSE:BANKNIFTY22O0640000CE","0","0","-55","0","-55","50","31.2","50","30.1","0","0"
"NSE_FNO","NSE:BANKNIFTY22O0640500CE","0","0","-452.5","0","-452.5","100","6.375","100","1.85","0","0"
"NSE_FNO","NSE:BANKNIFTY22O1336000PE","0","0","-267.5","0","-267.5","50","8.05","50","2.7","0","0"
"NSE_FNO","NSE:BANKNIFTY22O1337800PE","0","0","-548.75","0","-548.75","50","40.2","50","29.225","0","0"
"NSE_FNO","NSE:BANKNIFTY22O1338000PE","0","0","-1876.25","0","-1876.25","200","94.3312","200","84.95","0","0"
"NSE_FNO","NSE:BANKNIFTY22O1338100PE","0","0","1065","0","1065","50","50.95","50","72.25","0","0"
"NSE_FNO","NSE:BANKNIFTY22O1338900CE","0","0","-27.5","0","-27.5","25","347.85","25","346.75","0","0"
"NSE_FNO","NSE:BANKNIFTY22O1339000PE","0","0","-33.75","0","-33.75","25","361.35","25","360","0","0"
"NSE_FNO","NSE:BANKNIFTY22O1339200CE","0","0","-6130","0","-6130","25","409.1","25","163.9","0","0"
"NSE_FNO","NSE:BANKNIFTY22O1339400CE","0","0","-312.5","0","-312.5","75","104.9","75","100.7333","0","0"
"NSE_FNO","NSE:BANKNIFTY22O1339500PE","0","0","2747.5","0","2747.5","25","516.3","25","626.2","0","0"
"NSE_FNO","NSE:BANKNIFTY22O1339600CE","0","0","-341.25","0","-341.25","25","101.05","25","87.4","0","0"
"NSE_FNO","NSE:BANKNIFTY22O1339800CE","0","0","75","0","75","50","63.8","50","65.3","0","0"
"NSE_FNO","NSE:BANKNIFTY22O1339900CE","0","0","4752.5","0","4752.5","75","32.25","75","95.6167","0","0"
"NSE_FNO","NSE:BANKNIFTY22O1340000CE","0","0","-1933.75","0","-1933.75","50","76.6","50","37.925","0","0"
"NSE_FNO","NSE:BANKNIFTY22O1340200CE","0","0","2887.5","0","2887.5","50","17","50","74.75","0","0"
"NSE_FNO","NSE:BANKNIFTY22O1340600CE","0","0","-67.5","0","-67.5","50","97.4","50","96.05","0","0"
"NSE_FNO","NSE:BANKNIFTY22O1341500CE","0","0","-125","0","-125","50","5.65","50","3.15","0","0"
"NSE_FNO","NSE:BANKNIFTY22O2037500PE","0","0","1.25","0","1.25","50","181.125","50","181.15","0","0"
"NSE_FNO","NSE:BANKNIFTY22O2037800PE","0","0","-255","0","-255","75","5.35","75","1.95","0","0"
"NSE_FNO","NSE:BANKNIFTY22O2038000PE","0","0","2467.5","0","2467.5","50","283.7","50","333.05","0","0"
"NSE_FNO","NSE:BANKNIFTY22O2039100PE","0","0","462.5","0","462.5","50","33.6","50","42.85","0","0"
"NSE_FNO","NSE:BANKNIFTY22O2039300PE","0","0","1687.5","0","1687.5","50","15.4","50","49.15","0","0"
"NSE_FNO","NSE:BANKNIFTY22O2039700PE","0","0","-585","0","-585","50","50","50","38.3","0","0"
"NSE_FNO","NSE:BANKNIFTY22O2039800PE","0","0","-1355","0","-1355","50","64.375","50","37.275","0","0"
"NSE_FNO","NSE:BANKNIFTY22O2040000CE","0","0","-4997.5","0","-4997.5","50","249.1","50","149.15","0","0"
"NSE_FNO","NSE:BANKNIFTY22O2040200PE","0","0","563.75","0","563.75","50","189.45","50","200.725","0","0"
"NSE_FNO","NSE:BANKNIFTY22O2040300CE","0","0","112.5","0","112.5","25","249.55","25","254.05","0","0"
"NSE_FNO","NSE:BANKNIFTY22O2040300PE","0","0","-4691.25","0","-4691.25","25","310.2","25","122.55","0","0"
"NSE_FNO","NSE:BANKNIFTY22O2040400CE","0","0","-357.5","0","-357.5","25","256.65","25","242.35","0","0"
"NSE_FNO","NSE:BANKNIFTY22O2040600PE","0","0","-242.5","0","-242.5","25","238.8","25","229.1","0","0"
"NSE_FNO","NSE:BANKNIFTY22O2040700CE","0","0","-552.5","0","-552.5","25","151.2","25","129.1","0","0"
"NSE_FNO","NSE:BANKNIFTY22OCT36500PE","0","0","-7335","0","-7335","50","500.925","50","354.225","0","0"
"NSE_FNO","NSE:BANKNIFTY22OCT37000PE","0","0","3825","0","3825","50","569.5","50","646","0","0"
"NSE_FNO","NSE:BANKNIFTY22OCT37500PE","0","0","-5022.5","0","-5022.5","50","603.05","50","502.6","0","0"
"NSE_FNO","NSE:BANKNIFTY22OCT38000PE","0","0","10922.5","0","10922.5","100","599.1625","100","708.3875","0","0"
"NSE_FNO","NSE:BANKNIFTY22OCT38300PE","0","0","-525","0","-525","150","4.6","150","1.1","0","0"
"NSE_FNO","NSE:BANKNIFTY22OCT39000CE","0","0","3008.75","0","3008.75","100","662.3875","100","692.475","0","0"
"NSE_FNO","NSE:BANKNIFTY22OCT39000PE","0","0","-1876.25","0","-1876.25","25","561.95","25","486.9","0","0"
"NSE_FNO","NSE:BANKNIFTY22OCT40000CE","0","0","4727.5","0","4727.5","25","443.15","25","632.25","0","0"
"NSE_FNO","NSE:BANKNIFTY22OCT40400PE","0","0","3927.5","0","3927.5","200","29.9375","200","49.575","0","0"
"NSE_FNO","NSE:BANKNIFTY22OCT40500CE","0","0","3343.75","0","3343.75","25","321","25","454.75","0","0"
"NSE_FNO","NSE:BANKNIFTY22OCT40500PE","0","0","-3440","0","-3440","25","918.15","25","780.55","0","0"
"NSE_FNO","NSE:BANKNIFTY22OCT40700PE","0","0","232.5","0","232.5","50","53.25","50","57.9","0","0"
"NSE_FNO","NSE:BANKNIFTY22OCT40900PE","0","0","145","0","145","50","16.6","50","19.5","0","0"
"NSE_FNO","NSE:BANKNIFTY22OCT41000CE","0","0","-10880","0","-10880","125","302.5","125","215.46","0","0"
"NSE_FNO","NSE:BANKNIFTY22OCT41000PE","0","0","505","0","505","50","16.05","50","26.15","0","0"
"NSE_FNO","NSE:BANKNIFTY22OCT41100PE","0","0","116.25","0","116.25","50","43.8","50","46.125","0","0"
"NSE_FNO","NSE:BANKNIFTY22OCT41200PE","0","0","-8702.5","0","-8702.5","50","241.6","50","67.55","0","0"
"NSE_FNO","NSE:BANKNIFTY22OCT41300PE","0","0","-2150","0","-2150","25","360.9","25","274.9","0","0"
"NSE_FNO","NSE:BANKNIFTY22OCT41400PE","0","0","-465","0","-465","25","146.05","25","127.45","0","0"
"NSE_FNO","NSE:BANKNIFTY22OCT41500CE","0","0","-1555","0","-1555","50","72.95","50","41.85","0","0"
"NSE_FNO","NSE:BANKNIFTY22OCT42000CE","0","0","4820","0","4820","25","744.45","25","937.25","0","0"
"NSE_FNO","NSE:BANKNIFTY22SEP35800PE","0","0","63.75","0","63.75","25","6.55","25","9.1","0","0"
"NSE_FNO","NSE:BANKNIFTY22SEP36000PE","0","0","172.5","0","172.5","75","8.9","75","11.2","0","0"
"NSE_FNO","NSE:BANKNIFTY22SEP36500PE","0","0","-290","0","-290","100","15.7","100","12.8","0","0"
"NSE_FNO","NSE:BANKNIFTY22SEP37500PE","0","0","-4315","0","-4315","75","96.7333","75","39.2","0","0"
"NSE_FNO","NSE:BANKNIFTY22SEP37800CE","0","0","6233.75","0","6233.75","25","190.65","25","440","0","0"
"NSE_FNO","NSE:BANKNIFTY22SEP38000CE","0","0","-5537.5","0","-5537.5","50","310.65","50","199.9","0","0"
"NSE_FNO","NSE:BANKNIFTY22SEP38000PE","0","0","-1568.75","0","-1568.75","75","80.7667","75","59.85","0","0"
"NSE_FNO","NSE:BANKNIFTY22SEP38200PE","0","0","1121.25","0","1121.25","25","268.6","25","313.45","0","0"
"NSE_FNO","NSE:BANKNIFTY22SEP38500CE","0","0","-3296.25","0","-3296.25","125","66.48","125","40.11","0","0"
"NSE_FNO","NSE:BANKNIFTY22SEP38500PE","0","0","-1500","0","-1500","75","432.0167","75","412.0167","0","0"
"NSE_FNO","NSE:BANKNIFTY22SEP38700CE","0","0","-6957.5","0","-6957.5","200","144.3688","200","109.5812","0","0"
"NSE_FNO","NSE:BANKNIFTY22SEP38800CE","0","0","3036.25","0","3036.25","100","31.4","100","61.7625","0","0"
"NSE_FNO","NSE:BANKNIFTY22SEP38800PE","0","0","-4198.75","0","-4198.75","50","616.8","50","532.825","0","0"
"NSE_FNO","NSE:BANKNIFTY22SEP38900CE","0","0","2525","0","2525","100","21.575","100","46.825","0","0"
"NSE_FNO","NSE:BANKNIFTY22SEP39000PE","0","0","1942.5","0","1942.5","25","429","25","506.7","0","0"
"NSE_FNO","NSE:BANKNIFTY22SEP39500CE","0","0","-6620","0","-6620","75","372.8667","75","284.6","0","0"
"NSE_FNO","NSE:BANKNIFTY22SEP39500PE","0","0","-3022.5","0","-3022.5","25","379.5","25","258.6","0","0"
"NSE_FNO","NSE:BANKNIFTY22SEP39700CE","0","0","2580","0","2580","75","130.6","75","165","0","0"
"NSE_FNO","NSE:BANKNIFTY22SEP39700PE","0","0","-1782.5","0","-1782.5","25","230.25","25","158.95","0","0"
"NSE_FNO","NSE:BANKNIFTY22SEP40000CE","0","0","2175","0","2175","50","33.55","50","77.05","0","0"
"NSE_FNO","NSE:BANKNIFTY22SEP40100PE","0","0","-4893.75","0","-4893.75","25","406.45","25","210.7","0","0"
"NSE_FNO","NSE:BANKNIFTY22SEP40300PE","0","0","-1286.25","0","-1286.25","75","276.6","75","259.45","0","0"
"NSE_FNO","NSE:BANKNIFTY22SEP40500CE","0","0","1568.75","0","1568.75","125","160.33","125","172.88","0","0"
"NSE_FNO","NSE:BANKNIFTY22SEP40800PE","0","0","-3273.75","0","-3273.75","75","460.65","75","417","0","0"
"NSE_FNO","NSE:BANKNIFTY22SEP40900CE","0","0","7355","0","7355","375","288.83","375","308.4433","0","0"
"NSE_FNO","NSE:BANKNIFTY22SEP41000CE","0","0","25650","0","25650","275","68.2","275","161.4727","0","0"
"NSE_FNO","NSE:BANKNIFTY22SEP41000PE","0","0","-1256.25","0","-1256.25","25","474.3","25","424.05","0","0"
"NSE_FNO","NSE:BANKNIFTY22SEP41200CE","0","0","-5660","0","-5660","75","355.0667","75","279.6","0","0"
"NSE_FNO","NSE:BANKNIFTY22SEP41500CE","0","0","937.5","0","937.5","75","53.6","75","66.1","0","0"
"NSE_FNO","NSE:BANKNIFTY22SEP41800CE","0","0","-78.75","0","-78.75","75","11.65","75","10.6","0","0"
"NSE_FNO","NSE:BANKNIFTY22SEP42000CE","0","0","-8316.25","0","-8316.25","75","236.95","75","126.0667","0","0"
"NSE_FNO","NSE:BANKNIFTY22SEP42900CE","0","0","-418.75","0","-418.75","150","11.7667","150","8.975","0","0"
"NSE_FNO","NSE:BANKNIFTY22SEP46500CE","0","0","-56.25","0","-56.25","100","6.6125","100","6.05","0","0"
"NSE_FNO","NSE:BANKNIFTY2310540500PE","0","0","-85","0","-85","50","10.7","50","9","0","0"
"NSE_FNO","NSE:BANKNIFTY2310541500PE","0","0","1752.5","0","1752.5","50","58.1","50","93.15","0","0"
"NSE_FNO","NSE:BANKNIFTY2310541600PE","0","0","-653.75","0","-653.75","50","93.15","50","80.075","0","0"
"NSE_FNO","NSE:BANKNIFTY2310542000PE","0","0","-952.5","0","-952.5","50","65.5","50","46.45","0","0"
"NSE_FNO","NSE:BANKNIFTY2310542900PE","0","0","-560","0","-560","25","428.15","25","405.75","0","0"
"NSE_FNO","NSE:BANKNIFTY2310543200CE","0","0","-4525","0","-4525","25","364","25","183","0","0"
"NSE_FNO","NSE:BANKNIFTY2310543700CE","0","0","605","0","605","50","42.25","50","54.35","0","0"
"NSE_FNO","NSE:BANKNIFTY2310544100CE","0","0","1215","0","1215","25","13.5","25","62.1","0","0"
"NSE_FNO","NSE:BANKNIFTY2310544200CE","0","0","2062.5","0","2062.5","50","11.45","50","52.7","0","0"
"NSE_FNO","NSE:BANKNIFTY2310544300CE","0","0","942.5","0","942.5","50","28.2","50","47.05","0","0"
"NSE_FNO","NSE:BANKNIFTY2310546000CE","0","0","97.5","0","97.5","150","5.3833","150","6.0333","0","0"
"NSE_FNO","NSE:BANKNIFTY2311241600PE","0","0","1235","0","1235","50","31.15","50","55.85","0","0"
"NSE_FNO","NSE:BANKNIFTY2311242200PE","0","0","-1955","0","-1955","25","242.85","25","164.65","0","0"
"NSE_FNO","NSE:BANKNIFTY2311242700CE","0","0","-2216.25","0","-2216.25","25","350.95","25","262.3","0","0"
"NSE_FNO","NSE:BANKNIFTY2311242800CE","0","0","-3958.75","0","-3958.75","25","423.95","25","265.6","0","0"
"NSE_FNO","NSE:BANKNIFTY2311243300CE","0","0","-1892.5","0","-1892.5","25","420.75","25","345.05","0","0"
"NSE_FNO","NSE:BANKNIFTY2311243700CE","0","0","797.5","0","797.5","50","39.4","50","55.35","0","0"
"NSE_FNO","NSE:BANKNIFTY2311243800CE","0","0","1165","0","1165","50","57.2","50","80.5","0","0"
"NSE_FNO","NSE:BANKNIFTY2311244500CE","0","0","962.5","0","962.5","50","43.55","50","62.8","0","0"
"NSE_FNO","NSE:BANKNIFTY2311941000PE","0","0","-1505","0","-1505","50","98.45","50","68.35","0","0"
"NSE_FNO","NSE:BANKNIFTY2311941800PE","0","0","-2355","0","-2355","50","136.3","50","89.2","0","0"
"NSE_FNO","NSE:BANKNIFTY2311941900PE","0","0","801.25","0","801.25","50","13.525","50","29.55","0","0"
"NSE_FNO","NSE:BANKNIFTY2311942000CE","0","0","215","0","215","50","375.15","50","379.45","0","0"
"NSE_FNO","NSE:BANKNIFTY2311942300CE","0","0","-4033.75","0","-4033.75","25","439.5","25","278.15","0","0"
"NSE_FNO","NSE:BANKNIFTY2311942400PE","0","0","8760","0","8760","25","404.05","25","754.45","0","0"
"NSE_FNO","NSE:BANKNIFTY2311942500PE","0","0","-1543.75","0","-1543.75","50","212.775","50","181.9","0","0"
"NSE_FNO","NSE:BANKNIFTY2311942900CE","0","0","147.5","0","147.5","50","65.1","50","68.05","0","0"
"NSE_FNO","NSE:BANKNIFTY2311943000CE","0","0","1032.5","0","1032.5","50","53.2","50","73.85","0","0"
"NSE_FNO","NSE:BANKNIFTY2311943300CE","0","0","856.25","0","856.25","100","40.1","100","48.6625","0","0"
"NSE_FNO","NSE:BANKNIFTY2311943400CE","0","0","2533.75","0","2533.75","100","45.7","100","71.0375","0","0"
"NSE_FNO","NSE:BANKNIFTY2311943500CE","0","0","425","0","425","50","56.4","50","64.9","0","0"
"NSE_FNO","NSE:BANKNIFTY2311946000CE","0","0","50","0","50","150","4.0667","150","4.4","0","0"
"NSE_FNO","NSE:BANKNIFTY2320240000CE","0","0","-2175","0","-2175","50","488.65","50","445.15","0","0"
"NSE_FNO","NSE:BANKNIFTY2320241000CE","0","0","-1525","0","-1525","25","557.25","25","496.25","0","0"
"NSE_FNO","NSE:BANKNIFTY2320938000PE","0","0","1492.5","0","1492.5","50","93.05","50","122.9","0","0"
"NSE_FNO","NSE:BANKNIFTY2320938500PE","0","0","-255","0","-255","100","3.7","100","1.15","0","0"
"NSE_FNO","NSE:BANKNIFTY2320940000PE","0","0","-2640","0","-2640","25","516.25","25","410.65","0","0"
"NSE_FNO","NSE:BANKNIFTY2320940500CE","0","0","11931.25","0","11931.25","50","637.375","50","876","0","0"
"NSE_FNO","NSE:BANKNIFTY2320940500PE","0","0","483.75","0","483.75","100","53.1625","100","58","0","0"
"NSE_FNO","NSE:BANKNIFTY2320940700PE","0","0","1855","0","1855","100","21.2","100","39.75","0","0"
"NSE_FNO","NSE:BANKNIFTY2320941000CE","0","0","13087.5","0","13087.5","75","402.1833","75","576.6833","0","0"
"NSE_FNO","NSE:BANKNIFTY2320941400CE","0","0","-685","0","-685","200","289.4875","200","286.0625","0","0"
"NSE_FNO","NSE:BANKNIFTY2320941400PE","0","0","-1335","0","-1335","75","246.4833","75","228.6833","0","0"
"NSE_FNO","NSE:BANKNIFTY2320941500CE","0","0","-2336.25","0","-2336.25","25","373.85","25","280.4","0","0"
"NSE_FNO","NSE:BANKNIFTY2320941500PE","0","0","-4115","0","-4115","75","278.9167","75","224.05","0","0"
"NSE_FNO","NSE:BANKNIFTY2320941800CE","0","0","-3730","0","-3730","50","196.45","50","121.85","0","0"
"NSE_FNO","NSE:BANKNIFTY2320942000CE","0","0","-3985","0","-3985","100","116.75","100","76.9","0","0"
"NSE_FNO","NSE:BANKNIFTY2320942000PE","0","0","-2225","0","-2225","50","751","50","706.5","0","0"
"NSE_FNO","NSE:BANKNIFTY2320942100CE","0","0","-476.25","0","-476.25","50","69.275","50","59.75","0","0"
"NSE_FNO","NSE:BANKNIFTY2320942200CE","0","0","2065","0","2065","200","29.025","200","39.35","0","0"
"NSE_FNO","NSE:BANKNIFTY2320942300CE","0","0","1722.5","0","1722.5","50","49.65","50","84.1","0","0"
"NSE_FNO","NSE:BANKNIFTY2320943700CE","0","0","-556.25","0","-556.25","200","5.4813","200","2.7","0","0"
"NSE_FNO","NSE:BANKNIFTY2321638500PE","0","0","-568.75","0","-568.75","300","4.9292","300","3.0333","0","0"
"NSE_FNO","NSE:BANKNIFTY2321640000PE","0","0","1437.5","0","1437.5","50","34.75","50","63.5","0","0"
"NSE_FNO","NSE:BANKNIFTY2321640400PE","0","0","-157.5","0","-157.5","25","41.2","25","34.9","0","0"
"NSE_FNO","NSE:BANKNIFTY2321640500PE","0","0","2985","0","2985","100","20.65","100","50.5","0","0"
"NSE_FNO","NSE:BANKNIFTY2321641000PE","0","0","460","0","460","50","105.9","50","115.1","0","0"
"NSE_FNO","NSE:BANKNIFTY2321641400PE","0","0","-7427.5","0","-7427.5","75","332.0333","75","233","0","0"
"NSE_FNO","NSE:BANKNIFTY2321641600CE","0","0","-2335","0","-2335","50","179.3","50","132.6","0","0"
"NSE_FNO","NSE:BANKNIFTY2321642100CE","0","0","1155","0","1155","100","18.35","100","29.9","0","0"
"NSE_FNO","NSE:BANKNIFTY2321642200CE","0","0","1557.5","0","1557.5","50","77.55","50","108.7","0","0"
"NSE_FNO","NSE:BANKNIFTY2321644500CE","0","0","-10","0","-10","100","3.9","100","3.8","0","0"
"NSE_FNO","NSE:BANKNIFTY2330237500PE","0","0","-152.5","0","-152.5","50","5.9","50","2.85","0","0"
"NSE_FNO","NSE:BANKNIFTY2330238500PE","0","0","312.5","0","312.5","50","15.75","50","22","0","0"
"NSE_FNO","NSE:BANKNIFTY2330239000CE","0","0","-5912.5","0","-5912.5","25","1277.4","25","1040.9","0","0"
"NSE_FNO","NSE:BANKNIFTY2330239400PE","0","0","2270","0","2270","50","11.8","50","57.2","0","0"
"NSE_FNO","NSE:BANKNIFTY2330239900CE","0","0","3770","0","3770","25","355.5","25","506.3","0","0"
"NSE_FNO","NSE:BANKNIFTY2330240000CE","0","0","-5316.25","0","-5316.25","50","495.3","50","388.975","0","0"
"NSE_FNO","NSE:BANKNIFTY2330240300PE","0","0","-4802.5","0","-4802.5","25","234.6","25","42.5","0","0"
"NSE_FNO","NSE:BANKNIFTY2330240700PE","0","0","6316.25","0","6316.25","25","210.7","25","463.35","0","0"
"NSE_FNO","NSE:BANKNIFTY2330241000CE","0","0","2117.5","0","2117.5","75","24.2667","75","52.5","0","0"
"NSE_FNO","NSE:BANKNIFTY2330241100CE","0","0","2812.5","0","2812.5","100","56.3","100","84.425","0","0"
"NSE_FNO","NSE:BANKNIFTY2330243000CE","0","0","-191.25","0","-191.25","75","4.45","75","1.9","0","0"
"NSE_FNO","NSE:BANKNIFTY2330939300PE","0","0","511.25","0","511.25","50","41.975","50","52.2","0","0"
"NSE_FNO","NSE:BANKNIFTY2330939500PE","0","0","1131.25","0","1131.25","50","27.4","50","50.025","0","0"
"NSE_FNO","NSE:BANKNIFTY2330940000CE","0","0","-6037.5","0","-6037.5","100","817.3","100","756.925","0","0"
"NSE_FNO","NSE:BANKNIFTY2330940600CE","0","0","-712.5","0","-712.5","50","345","50","330.75","0","0"
"NSE_FNO","NSE:BANKNIFTY2330940700CE","0","0","2106.25","0","2106.25","50","307.425","50","349.55","0","0"
"NSE_FNO","NSE:BANKNIFTY2330940800PE","0","0","-10575","0","-10575","50","254.25","50","42.75","0","0"
"NSE_FNO","NSE:BANKNIFTY2330941400PE","0","0","140","0","140","25","206.3","25","211.9","0","0"
"NSE_FNO","NSE:BANKNIFTY2330941500CE","0","0","-8395","0","-8395","50","209.8","50","41.9","0","0"
"NSE_FNO","NSE:BANKNIFTY2330941500PE","0","0","26807.5","0","26807.5","50","193.6","50","729.75","0","0"
"NSE_FNO","NSE:BANKNIFTY2330942000PE","0","0","-2213.75","0","-2213.75","25","705.15","25","616.6","0","0"
"NSE_FNO","NSE:BANKNIFTY2330942200CE","0","0","630","0","630","50","6","50","18.6","0","0"
"NSE_FNO","NSE:BANKNIFTY2330944000CE","0","0","10","0","10","150","2.9667","150","3.0333","0","0"
"NSE_FNO","NSE:BANKNIFTY2331638000PE","0","0","650","0","650","100","13.55","100","20.05","0","0"
"NSE_FNO","NSE:BANKNIFTY2331638500PE","0","0","1478.75","0","1478.75","50","13.75","50","43.325","0","0"
"NSE_FNO","NSE:BANKNIFTY2331639000CE","0","0","2398.75","0","2398.75","25","62.85","25","158.8","0","0"
"NSE_FNO","NSE:BANKNIFTY2331639000PE","0","0","-3711.25","0","-3711.25","25","349","25","200.55","0","0"
"NSE_FNO","NSE:BANKNIFTY2331639400PE","0","0","-57053.75","0","-57053.75","175","403.7929","175","77.7714","0","0"
"NSE_FNO","NSE:BANKNIFTY2331639500CE","0","0","-3698.75","0","-3698.75","75","478.6667","75","429.35","0","0"
"NSE_FNO","NSE:BANKNIFTY2331639500PE","0","0","58178.75","0","58178.75","125","120.71","125","586.14","0","0"
"NSE_FNO","NSE:BANKNIFTY2331639800CE","0","0","1007.5","0","1007.5","75","271.25","75","284.6833","0","0"
"NSE_FNO","NSE:BANKNIFTY2331640000CE","0","0","26925","0","26925","50","200.2","50","738.7","0","0"
"NSE_FNO","NSE:BANKNIFTY2331640700CE","0","0","-10472.5","0","-10472.5","50","261.65","50","52.2","0","0"
"NSE_FNO","NSE:BANKNIFTY2331641300PE","0","0","20915","0","20915","50","339.7","50","758","0","0"
"NSE_FNO","NSE:BANKNIFTY2331642000PE","0","0","-29633.75","0","-29633.75","50","1340","50","747.325","0","0"
"NSE_FNO","NSE:BANKNIFTY2331642100CE","0","0","2262.5","0","2262.5","50","20.6","50","65.85","0","0"
"NSE_FNO","NSE:BANKNIFTY2331642200CE","0","0","2547.5","0","2547.5","50","17.45","50","68.4","0","0"
"NSE_FNO","NSE:BANKNIFTY2331644000CE","0","0","-55","0","-55","100","5.15","100","4.6","0","0"
"NSE_FNO","NSE:BANKNIFTY2332338000PE","0","0","1222.5","0","1222.5","50","44.1","50","68.55","0","0"
"NSE_FNO","NSE:BANKNIFTY2332338500PE","0","0","-5002.5","0","-5002.5","50","173.85","50","73.8","0","0"
"NSE_FNO","NSE:BANKNIFTY2332339000CE","0","0","-457.5","0","-457.5","50","753.65","50","744.5","0","0"
"NSE_FNO","NSE:BANKNIFTY2332339600CE","0","0","-1402.5","0","-1402.5","50","386.45","50","358.4","0","0"
"NSE_FNO","NSE:BANKNIFTY2332340500CE","0","0","2920","0","2920","50","23.95","50","82.35","0","0"
"NSE_FNO","NSE:BANKNIFTY2332342500CE","0","0","-32.5","0","-32.5","50","5.25","50","4.6","0","0"
"NSE_FNO","NSE:BANKNIFTY2340640000CE","0","327.85","-6560","0","-6560","50","416.8","50","285.6","0","0"
"NSE_FNO","NSE:BANKNIFTY2340640600CE","0","99","-450","0","-450","25","158","25","140","0","0"
"NSE_FNO","NSE:BANKNIFTY2340640700CE","0","78.3","-480","0","-480","25","171.95","25","152.75","0","0"
"NSE_FNO","NSE:BANKNIFTY2340641000CE","0","39.7","4912.5","0","4912.5","100","60.15","100","109.275","0","0"
"NSE_FNO","NSE:BANKNIFTY23FEB40000CE","0","0","-2841.25","0","-2841.25","25","1444.75","25","1331.1","0","0"
"NSE_FNO","NSE:BANKNIFTY23FEB40000PE","0","0","2652.5","0","2652.5","25","468.2","25","574.3","0","0"
"NSE_FNO","NSE:BANKNIFTY23FEB40100PE","0","0","-803.75","0","-803.75","100","44.75","100","36.7125","0","0"
"NSE_FNO","NSE:BANKNIFTY23FEB40200CE","0","0","-2573.75","0","-2573.75","50","174","50","122.525","0","0"
"NSE_FNO","NSE:BANKNIFTY23FEB40900CE","0","0","410","0","410","100","21","100","25.1","0","0"
"NSE_FNO","NSE:BANKNIFTY23FEB40900PE","0","0","4002.5","0","4002.5","50","242.45","50","322.5","0","0"
"NSE_FNO","NSE:BANKNIFTY23FEB42000CE","0","0","-8.75","0","-8.75","25","9.2","25","8.85","0","0"
"NSE_FNO","NSE:BANKNIFTY23FEBFUT","0","0","-9106.25","0","-9106.25","200","40934.0437","200","40888.5125","0","0"
"NSE_FNO","NSE:BANKNIFTY23JAN39000PE","0","0","10","0","10","50","2.2","50","2.4","0","0"
"NSE_FNO","NSE:BANKNIFTY23JAN41100PE","0","0","2371.25","0","2371.25","50","75.725","50","123.15","0","0"
"NSE_FNO","NSE:BANKNIFTY23JAN41500CE","0","0","-3456.25","0","-3456.25","25","352.45","25","214.2","0","0"
"NSE_FNO","NSE:BANKNIFTY23JAN41700CE","0","0","-8497.5","0","-8497.5","50","942.4","50","772.45","0","0"
"NSE_FNO","NSE:BANKNIFTY23JAN42000CE","0","0","2896.25","0","2896.25","25","38.7","25","154.55","0","0"
"NSE_FNO","NSE:BANKNIFTY23JAN42000PE","0","0","-1683.75","0","-1683.75","25","168.5","25","101.15","0","0"
"NSE_FNO","NSE:BANKNIFTY23JAN42200PE","0","0","417.5","0","417.5","50","30.05","50","38.4","0","0"
"NSE_FNO","NSE:BANKNIFTY23JAN42400PE","0","0","-335","0","-335","50","38.4","50","31.7","0","0"
"NSE_FNO","NSE:BANKNIFTY23JAN42500CE","0","0","4256.25","0","4256.25","50","328.625","50","413.75","0","0"
"NSE_FNO","NSE:BANKNIFTY23JAN42900PE","0","0","1365","0","1365","50","188.8","50","216.1","0","0"
"NSE_FNO","NSE:BANKNIFTY23JAN44500CE","0","0","-17.5","0","-17.5","50","3.1","50","2.75","0","0"
"NSE_FNO","NSE:BANKNIFTY23MAR39400CE","0","0","-1723.75","0","-1723.75","25","358.8","25","289.85","0","0"
"NSE_FNO","NSE:BANKNIFTY23MAR39400PE","0","0","1938.75","0","1938.75","25","184.55","25","262.1","0","0"
"NSE_FNO","NSE:HEROMOTOCO23FEBFUT","0","0","6015","0","6015","300","2516.95","300","2537","0","0"
"NSE_FNO","NSE:HINDUNILVR23FEBFUT","0","0","3345","0","3345","300","2546","300","2557.15","0","0"
"NSE_FNO","NSE:MPHASIS23FEBFUT","0","0","-2722.5","0","-2722.5","275","2248.1","275","2238.2","0","0"
"NSE_FNO","NSE:NIFTY2290817800PE","0","0","-200","0","-200","50","62.25","50","58.25","0","0"
"NSE_FNO","NSE:NIFTY2291516200PE","0","0","-292.5","0","-292.5","200","4.35","200","2.8875","0","0"
"NSE_FNO","NSE:NIFTY2291517000PE","0","0","2965","0","2965","150","14","150","33.7667","0","0"
"NSE_FNO","NSE:NIFTY2291518100CE","0","0","-1747.5","0","-1747.5","150","45.25","150","33.6","0","0"
"NSE_FNO","NSE:NIFTY2291519000CE","0","0","-120","0","-120","200","2.4","200","1.8","0","0"
"NSE_FNO","NSE:NIFTY22D0117900PE","0","0","680","0","680","100","9.65","100","16.45","0","0"
"NSE_FNO","NSE:NIFTY22D0118300CE","0","0","21595","0","21595","100","161.5","100","377.45","0","0"
"NSE_FNO","NSE:NIFTY22D0118300PE","0","0","-1675","0","-1675","50","110.05","50","76.55","0","0"
"NSE_FNO","NSE:NIFTY22D0118600CE","0","0","-16030","0","-16030","200","110","200","29.85","0","0"
"NSE_FNO","NSE:NIFTY22D0818300PE","0","0","520","0","520","100","3.45","100","8.65","0","0"
"NSE_FNO","NSE:NIFTY22D0818350PE","0","0","935","0","935","100","4.35","100","13.7","0","0"
"NSE_FNO","NSE:NIFTY22D0818400PE","0","0","255","0","255","100","9.75","100","12.3","0","0"
"NSE_FNO","NSE:NIFTY22D0818600PE","0","0","-2252.5","0","-2252.5","50","81.35","50","36.3","0","0"
"NSE_FNO","NSE:NIFTY22D0818650CE","0","0","-1310","0","-1310","50","103.9","50","77.7","0","0"
"NSE_FNO","NSE:NIFTY22D0818700PE","0","0","-952.5","0","-952.5","50","86.5","50","67.45","0","0"
"NSE_FNO","NSE:NIFTY22D0818900CE","0","0","595","0","595","100","15.85","100","21.8","0","0"
"NSE_FNO","NSE:NIFTY22D1518300PE","0","0","210","0","210","200","10.25","200","11.3","0","0"
"NSE_FNO","NSE:NIFTY22D1518600PE","0","0","-1165","0","-1165","100","78.15","100","66.5","0","0"
"NSE_FNO","NSE:NIFTY22D1520000CE","0","0","-100","0","-100","200","0.5","200","0","0","0"
"NSE_FNO","NSE:NIFTY22DEC16700PE","0","0","-95","0","-95","100","5","100","4.05","0","0"
"NSE_FNO","NSE:NIFTY22DEC17600PE","0","0","-1110","0","-1110","100","33.55","100","22.45","0","0"
"NSE_FNO","NSE:NIFTY22DEC18000CE","0","0","-1112.5","0","-1112.5","50","107.5","50","85.25","0","0"
"NSE_FNO","NSE:NIFTY22DEC18300PE","0","0","20","0","20","50","202.9","50","203.3","0","0"
"NSE_FNO","NSE:NIFTY22DEC18350CE","0","0","325","0","325","100","13.45","100","16.7","0","0"
"NSE_FNO","NSE:NIFTY22DEC18400CE","0","0","655","0","655","50","316.65","50","329.75","0","0"
"NSE_FNO","NSE:NIFTY22DEC18700CE","0","0","1735","0","1735","100","5.85","100","23.2","0","0"
"NSE_FNO","NSE:NIFTY22DEC18800CE","0","0","-832.5","0","-832.5","100","132.7","100","124.375","0","0"
"NSE_FNO","NSE:NIFTY22DEC19600CE","0","0","-152.5","0","-152.5","100","3.425","100","1.9","0","0"
"NSE_FNO","NSE:NIFTY22DECFUT","0","0","-57.5","0","-57.5","50","18493.25","50","18492.1","0","0"
"NSE_FNO","NSE:NIFTY22N1017500PE","0","0","1030","0","1030","200","23.45","200","28.6","0","0"
"NSE_FNO","NSE:NIFTY22N1018000PE","0","0","-2312.5","0","-2312.5","100","139.675","100","116.55","0","0"
"NSE_FNO","NSE:NIFTY22NOV17500CE","0","0","935","0","935","50","706.9","50","725.6","0","0"
"NSE_FNO","NSE:NIFTY22NOV17500PE","0","0","-247.5","0","-247.5","50","88.25","50","83.3","0","0"
"NSE_FNO","NSE:NIFTY22NOV18200CE","0","0","2267.5","0","2267.5","50","72.7","50","118.05","0","0"
"NSE_FNO","NSE:NIFTY22NOV18300CE","0","0","-320","0","-320","50","51.45","50","45.05","0","0"
"NSE_FNO","NSE:NIFTY22NOV18400CE","0","0","225","0","225","100","11.4","100","13.65","0","0"
"NSE_FNO","NSE:NIFTY22NOV18450CE","0","0","215","0","215","100","5.4","100","7.55","0","0"
"NSE_FNO","NSE:NIFTY22NOV18500CE","0","0","-457.5","0","-457.5","50","117.6","50","108.45","0","0"
"NSE_FNO","NSE:NIFTY22NOV19500CE","0","0","-10","0","-10","100","0.7","100","0.6","0","0"
"NSE_FNO","NSE:NIFTY22O1317050PE","0","0","-427.5","0","-427.5","50","81.6","50","73.05","0","0"
"NSE_FNO","NSE:NIFTY22O1317100PE","0","0","-335","0","-335","50","112.45","50","105.75","0","0"
"NSE_FNO","NSE:NIFTY22O1317200PE","0","0","-787.5","0","-787.5","50","139.8","50","124.05","0","0"
"NSE_FNO","NSE:NIFTY22O2015800PE","0","0","-90","0","-90","200","1.75","200","1.3","0","0"
"NSE_FNO","NSE:NIFTY22O2016700PE","0","0","1045","0","1045","150","9.2333","150","16.2","0","0"
"NSE_FNO","NSE:NIFTY22O2017000PE","0","0","475","0","475","350","43.2714","350","44.6286","0","0"
"NSE_FNO","NSE:NIFTY22O2017100CE","0","0","1425","0","1425","50","199.3","50","227.8","0","0"
"NSE_FNO","NSE:NIFTY22O2017200CE","0","0","8712.5","0","8712.5","50","136.2","50","310.45","0","0"
"NSE_FNO","NSE:NIFTY22O2017300CE","0","0","665","0","665","50","146.4","50","159.7","0","0"
"NSE_FNO","NSE:NIFTY22O2017500CE","0","0","-17425","0","-17425","400","79.1937","400","35.6313","0","0"
"NSE_FNO","NSE:NIFTY22O2017550CE","0","0","1205","0","1205","350","27.9357","350","31.3786","0","0"
"NSE_FNO","NSE:NIFTY22O2017650CE","0","0","-465","0","-465","100","15","100","10.35","0","0"
"NSE_FNO","NSE:NIFTY22O2018700CE","0","0","-65","0","-65","400","1.0375","400","0.875","0","0"
"NSE_FNO","NSE:NIFTY22OCT16300PE","0","0","-1350","0","-1350","150","24.4","150","15.4","0","0"
"NSE_FNO","NSE:NIFTY22OCT16700PE","0","0","-3127.5","0","-3127.5","150","47.9","150","27.05","0","0"
"NSE_FNO","NSE:NIFTY22OCT16800PE","0","0","1420","0","1420","100","83.15","100","97.35","0","0"
"NSE_FNO","NSE:NIFTY22OCT17700CE","0","0","-3150","0","-3150","100","65.15","100","33.65","0","0"
"NSE_FNO","NSE:NIFTY22OCT17800CE","0","0","4777.5","0","4777.5","150","21.85","150","53.7","0","0"
"NSE_FNO","NSE:NIFTY22SEP17000PE","0","0","190","0","190","150","26.5","150","27.7667","0","0"
"NSE_FNO","NSE:NIFTY22SEP17800PE","0","0","-367.5","0","-367.5","50","217.6","50","210.25","0","0"
"NSE_FNO","NSE:NIFTY2311918500CE","0","0","-45","0","-45","100","28.25","100","27.8","0","0"
"NSE_FNO","NSE:NIFTY2320217700CE","0","0","-1445","0","-1445","50","210","50","181.1","0","0"
"NSE_FNO","NSE:NIFTY2321617300PE","0","0","3540","0","3540","150","3.5","150","27.1","0","0"
"NSE_FNO","NSE:NIFTY2321618150CE","0","0","2670","0","2670","150","5.3","150","23.1","0","0"
"NSE_FNO","NSE:NIFTY2330916000PE","0","0","-10","0","-10","100","2.05","100","1.95","0","0"
"NSE_FNO","NSE:NIFTY2330917200PE","0","0","-15","0","-15","200","29.875","200","29.8","0","0"
"NSE_FNO","NSE:NIFTY2330919000CE","0","0","-15","0","-15","100","1.55","100","1.4","0","0"
"NSE_FNO","NSE:NIFTY2340615500PE","200","1.85","0","-270","-270","200","3.2","0","0","200","640"
"NSE_FNO","NSE:NIFTY2340616500PE","-200","8.6","0","4130","4130","0","0","200","29.25","-200","-5850"
"NSE_FNO","NSE:NIFTY2340617200CE","0","74.6","-1170","0","-1170","100","95.775","100","84.075","0","0"
"NSE_FNO","NSE:NIFTY2340617400CE","-200","18.05","0","2190","2190","0","0","200","29","-200","-5800"
"NSE_FNO","NSE:NIFTY2340617500CE","0","8.05","780","0","780","200","18.6","200","22.5","0","0"
"NSE_FNO","NSE:NIFTY2340618100CE","200","1.55","0","-240","-240","200","2.75","0","0","200","550"
"NSE_FNO","NSE:NIFTY23FEB17100PE","0","0","-3380","0","-3380","250","33.55","250","20.03","0","0"
"NSE_FNO","NSE:NIFTY23FEB17800PE","0","0","-12000","0","-12000","200","171.2","200","111.2","0","0"
"NSE_FNO","NSE:NIFTY23FEB18000CE","0","0","-2440","0","-2440","100","103.4","100","79","0","0"
"NSE_FNO","NSE:NIFTY23FEB18250CE","0","0","1090","0","1090","200","13.3","200","18.75","0","0"
"NSE_FNO","NSE:NIFTY23FEB18300CE","0","0","-2732.5","0","-2732.5","250","28.66","250","17.73","0","0"
"NSE_FNO","NSE:NIFTY23FEB19000CE","0","0","70","0","70","200","1.35","200","1.7","0","0"
"NSE_FNO","NSE:NIFTY23FEBFUT","0","0","185","0","185","150","18131.4167","150","18132.65","0","0"
"NSE_FNO","NSE:NIFTY23JAN18000CE","0","0","-3695","0","-3695","100","183.5","100","146.55","0","0"
"NSE_FNO","NSE:NIFTY23JAN18300CE","0","0","3210","0","3210","200","35.4","200","51.45","0","0"
"NSE_FNO","NSE:NIFTY23JAN18400CE","0","0","-255","0","-255","100","25.2","100","22.65","0","0"
"NSE_FNO","NSE:NIFTY23MAR15600PE","0","0","-130","0","-130","200","3.1","200","2.45","0","0"
"NSE_FNO","NSE:NIFTY23MAR15700PE","0","0","-380","0","-380","200","3","200","1.1","0","0"
"NSE_FNO","NSE:NIFTY23MAR16600PE","0","0","4495","0","4495","400","17.9375","400","29.175","0","0"
"NSE_FNO","NSE:NIFTY23MAR16700PE","0","0","-215","0","-215","100","22.85","100","20.7","0","0"
"NSE_FNO","NSE:NIFTY23MAR16850PE","0","0","-1202.5","0","-1202.5","100","39","100","26.975","0","0"
"NSE_FNO","NSE:NIFTY23MAR16900CE","0","0","2425","0","2425","100","237.3","100","261.55","0","0"
"NSE_FNO","NSE:NIFTY23MAR17100PE","0","0","777.5","0","777.5","100","101.3","100","109.075","0","0"
"NSE_FNO","NSE:NIFTY23MAR17150CE","0","0","-1650","0","-1650","100","101.35","100","84.85","0","0"
"NSE_FNO","NSE:NIFTY23MAR17300PE","0","0","-1987.5","0","-1987.5","100","226.925","100","207.05","0","0"
"NSE_FNO","NSE:NIFTY23MAR17400CE","0","0","720","0","720","100","24.55","100","31.75","0","0"
"NSE_FNO","NSE:NIFTY23MAR17500CE","0","0","2525","0","2525","400","21.4625","400","27.775","0","0"
"NSE_FNO","NSE:NIFTY23MAR17800PE","0","0","10215","0","10215","200","225.45","200","276.525","0","0"
"NSE_FNO","NSE:NIFTY23MAR18500CE","0","0","-275","0","-275","400","1.9625","400","1.275","0","0"
"NSE_FNO","NSE:TECHM22SEP1060CE","0","0","-1950","0","-1950","600","31.25","600","28","0","0"
"NSE_FNO","NSE:TECHM22SEP1220CE","0","0","30","0","30","1800","3.15","1800","3.1667","0","0"